root_id,primary_type,transit_role,side,super_class,class,sub_class,hemilineage,name,codex_url
720575940605827761,EPG,Compass Heading (Spatial Continuity & Wayfinding),left,central,CX,,DM2_CX_d2,EB.40,https://codex.flywire.ai/?dataset=fafb&root_ids=720575940605827761
720575940610453427,EPG,Compass Heading (Spatial Continuity & Wayfinding),left,central,CX,,DM2_CX_d1,EB.19,https://codex.flywire.ai/?dataset=fafb&root_ids=720575940610453427
720575940610901930,EPG,Compass Heading (Spatial Continuity & Wayfinding),left,central,CX,,DM3_CX_d2,EB.79,https://codex.flywire.ai/?dataset=fafb&root_ids=720575940610901930
720575940614926475,EPG,Compass Heading (Spatial Continuity & Wayfinding),left,central,CX,,DM4_CX_d1,EB.59,https://codex.flywire.ai/?dataset=fafb&root_ids=720575940614926475
720575940617769851,EPG,Compass Heading (Spatial Continuity & Wayfinding),left,central,CX,,DM1_CX_d2,EB.32,https://codex.flywire.ai/?dataset=fafb&root_ids=720575940617769851
720575940618612952,EPG,Compass Heading (Spatial Continuity & Wayfinding),left,central,CX,,DM3_CX_d2,EB.73,https://codex.flywire.ai/?dataset=fafb&root_ids=720575940618612952
720575940619296365,EPG,Compass Heading (Spatial Continuity & Wayfinding),left,central,CX,,DM3_CX_d1,EB.42,https://codex.flywire.ai/?dataset=fafb&root_ids=720575940619296365
720575940620282906,EPG,Compass Heading (Spatial Continuity & Wayfinding),left,central,CX,,DM4_CX_d1,EB.30,https://codex.flywire.ai/?dataset=fafb&root_ids=720575940620282906
720575940623046548,EPG,Compass Heading (Spatial Continuity & Wayfinding),left,central,CX,,DM2_CX_d2,EB.56,https://codex.flywire.ai/?dataset=fafb&root_ids=720575940623046548
720575940623852873,EPG,Compass Heading (Spatial Continuity & Wayfinding),left,central,CX,,DM4_CX_d2,EB.64,https://codex.flywire.ai/?dataset=fafb&root_ids=720575940623852873
720575940624096234,EPG,Compass Heading (Spatial Continuity & Wayfinding),left,central,CX,,DM4_CX_d2,EB.GA.4,https://codex.flywire.ai/?dataset=fafb&root_ids=720575940624096234
720575940624784280,EPG,Compass Heading (Spatial Continuity & Wayfinding),left,central,CX,,DM2_CX_d2,EB.48,https://codex.flywire.ai/?dataset=fafb&root_ids=720575940624784280
720575940625351354,EPG,Compass Heading (Spatial Continuity & Wayfinding),left,central,CX,,DM2_CX_d1,EB.26,https://codex.flywire.ai/?dataset=fafb&root_ids=720575940625351354
720575940626137895,EPG,Compass Heading (Spatial Continuity & Wayfinding),left,central,CX,,DM3_CX_d1,EB.33,https://codex.flywire.ai/?dataset=fafb&root_ids=720575940626137895
720575940626315207,EPG,Compass Heading (Spatial Continuity & Wayfinding),left,central,CX,,DM4_CX_d1,PB.17,https://codex.flywire.ai/?dataset=fafb&root_ids=720575940626315207
720575940628802041,EPG,Compass Heading (Spatial Continuity & Wayfinding),left,central,CX,,DM4_CX_d1,EB.22,https://codex.flywire.ai/?dataset=fafb&root_ids=720575940628802041
720575940629691753,EPG,Compass Heading (Spatial Continuity & Wayfinding),left,central,CX,,DM1_CX_d2,GA.PB.1,https://codex.flywire.ai/?dataset=fafb&root_ids=720575940629691753
720575940632614295,EPG,Compass Heading (Spatial Continuity & Wayfinding),left,central,CX,,DM3_CX_d1,EB.35,https://codex.flywire.ai/?dataset=fafb&root_ids=720575940632614295
720575940633719487,EPG,Compass Heading (Spatial Continuity & Wayfinding),left,central,CX,,DM4_CX_d2,EB.75,https://codex.flywire.ai/?dataset=fafb&root_ids=720575940633719487
720575940635427982,EPG,Compass Heading (Spatial Continuity & Wayfinding),left,central,CX,,DM4_CX_d2,EB.45,https://codex.flywire.ai/?dataset=fafb&root_ids=720575940635427982
720575940635461550,EPG,Compass Heading (Spatial Continuity & Wayfinding),left,central,CX,,DM1_CX_d2,EB.15,https://codex.flywire.ai/?dataset=fafb&root_ids=720575940635461550
720575940638850512,EPG,Compass Heading (Spatial Continuity & Wayfinding),left,central,CX,,DM2_CX_d1,EB.12,https://codex.flywire.ai/?dataset=fafb&root_ids=720575940638850512
720575940642634532,EPG,Compass Heading (Spatial Continuity & Wayfinding),left,central,CX,,DM1_CX_d2,EB.13,https://codex.flywire.ai/?dataset=fafb&root_ids=720575940642634532
720575940658101889,EPG,Compass Heading (Spatial Continuity & Wayfinding),left,central,CX,,DM3_CX_d2,EB.66,https://codex.flywire.ai/?dataset=fafb&root_ids=720575940658101889
720575940604801993,EPG,Compass Heading (Spatial Continuity & Wayfinding),right,central,CX,,DM3_CX_d1,EB.27,https://codex.flywire.ai/?dataset=fafb&root_ids=720575940604801993
720575940608722371,EPG,Compass Heading (Spatial Continuity & Wayfinding),right,central,CX,,DM1_CX_d2,EB.29,https://codex.flywire.ai/?dataset=fafb&root_ids=720575940608722371
720575940611216099,EPG,Compass Heading (Spatial Continuity & Wayfinding),right,central,CX,,DM3_CX_d2,EB.44,https://codex.flywire.ai/?dataset=fafb&root_ids=720575940611216099
720575940613829900,EPG,Compass Heading (Spatial Continuity & Wayfinding),right,central,CX,,DM1_CX_d2,EB.8,https://codex.flywire.ai/?dataset=fafb&root_ids=720575940613829900
720575940613836438,EPG,Compass Heading (Spatial Continuity & Wayfinding),right,central,CX,,DM2_CX_d1,EB.11,https://codex.flywire.ai/?dataset=fafb&root_ids=720575940613836438
720575940614297640,EPG,Compass Heading (Spatial Continuity & Wayfinding),right,central,CX,,DM2_CX_d2,EB.348,https://codex.flywire.ai/?dataset=fafb&root_ids=720575940614297640
720575940616502066,EPG,Compass Heading (Spatial Continuity & Wayfinding),right,central,CX,,DM4_CX_d2,EB.PB.3,https://codex.flywire.ai/?dataset=fafb&root_ids=720575940616502066
720575940616569601,EPG,Compass Heading (Spatial Continuity & Wayfinding),right,central,CX,,DM4_CX_d2,EB.57,https://codex.flywire.ai/?dataset=fafb&root_ids=720575940616569601
720575940619006272,EPG,Compass Heading (Spatial Continuity & Wayfinding),right,central,CX,,DM2_CX_d2,EB.355,https://codex.flywire.ai/?dataset=fafb&root_ids=720575940619006272
720575940620020694,EPG,Compass Heading (Spatial Continuity & Wayfinding),right,central,CX,,DM4_CX_d1,EB.51,https://codex.flywire.ai/?dataset=fafb&root_ids=720575940620020694
720575940620664741,EPG,Compass Heading (Spatial Continuity & Wayfinding),right,central,CX,,DM3_CX_d2,EB.352,https://codex.flywire.ai/?dataset=fafb&root_ids=720575940620664741
720575940622364771,EPG,Compass Heading (Spatial Continuity & Wayfinding),right,central,CX,,DM3_CX_d2,EB.58,https://codex.flywire.ai/?dataset=fafb&root_ids=720575940622364771
720575940626449082,EPG,Compass Heading (Spatial Continuity & Wayfinding),right,central,CX,,DM2_CX_d2,GA.PB.2,https://codex.flywire.ai/?dataset=fafb&root_ids=720575940626449082
720575940626721835,EPG,Compass Heading (Spatial Continuity & Wayfinding),right,central,CX,,DM4_CX_d2,EB.61,https://codex.flywire.ai/?dataset=fafb&root_ids=720575940626721835
720575940627140551,EPG,Compass Heading (Spatial Continuity & Wayfinding),right,central,CX,,DM3_CX_d1,EB.21,https://codex.flywire.ai/?dataset=fafb&root_ids=720575940627140551
720575940628493572,EPG,Compass Heading (Spatial Continuity & Wayfinding),right,central,CX,,DM4_CX_d1,EB.23,https://codex.flywire.ai/?dataset=fafb&root_ids=720575940628493572
720575940628843458,EPG,Compass Heading (Spatial Continuity & Wayfinding),right,central,CX,,DM1_CX_d2,EB.9,https://codex.flywire.ai/?dataset=fafb&root_ids=720575940628843458
720575940630199963,EPG,Compass Heading (Spatial Continuity & Wayfinding),right,central,CX,,DM2_CX_d1,EB.36,https://codex.flywire.ai/?dataset=fafb&root_ids=720575940630199963
720575940631125036,EPG,Compass Heading (Spatial Continuity & Wayfinding),right,central,CX,,DM1_CX_d2,EB.10,https://codex.flywire.ai/?dataset=fafb&root_ids=720575940631125036
720575940631708836,EPG,Compass Heading (Spatial Continuity & Wayfinding),right,central,CX,,DM2_CX_d1,EB.17,https://codex.flywire.ai/?dataset=fafb&root_ids=720575940631708836
720575940632844002,EPG,Compass Heading (Spatial Continuity & Wayfinding),right,central,CX,,DM3_CX_d1,EB.25,https://codex.flywire.ai/?dataset=fafb&root_ids=720575940632844002
720575940636730694,EPG,Compass Heading (Spatial Continuity & Wayfinding),right,central,CX,,DM4_CX_d1,EB.39,https://codex.flywire.ai/?dataset=fafb&root_ids=720575940636730694
720575940660921985,EPG,Compass Heading (Spatial Continuity & Wayfinding),right,central,CX,,DM4_CX_d3,EB.41,https://codex.flywire.ai/?dataset=fafb&root_ids=720575940660921985
720575940643309197,MBON01,Approach Output (Bus Ride / Modal Shift Incentive),left,central,MBON,,putative_primary,MB_ML.SMP.2,https://codex.flywire.ai/?dataset=fafb&root_ids=720575940643309197
720575940624117245,MBON01,Approach Output (Bus Ride / Modal Shift Incentive),right,central,MBON,,putative_primary,MB_ML.SMP.1,https://codex.flywire.ai/?dataset=fafb&root_ids=720575940624117245
720575940623201833,MBON11,Avoidance Output (Transfer Friction & Delay Veto),left,central,MBON,,putative_primary,MB_PED.MB_ML.1,https://codex.flywire.ai/?dataset=fafb&root_ids=720575940623201833
720575940617749538,MBON11,Avoidance Output (Transfer Friction & Delay Veto),right,central,MBON,,putative_primary,MB_PED.CRE.1,https://codex.flywire.ai/?dataset=fafb&root_ids=720575940617749538
720575940613529770,PAM01,Dopaminergic Reward (50-Cent Fare Subsidy Pulse),left,central,DAN,,CREa1_dorsal,NO_CONS.965,https://codex.flywire.ai/?dataset=fafb&root_ids=720575940613529770
720575940615607975,PAM01,Dopaminergic Reward (50-Cent Fare Subsidy Pulse),left,central,DAN,,CREa2_medial,SMP.MB_ML.55,https://codex.flywire.ai/?dataset=fafb&root_ids=720575940615607975
720575940618744118,PAM01,Dopaminergic Reward (50-Cent Fare Subsidy Pulse),left,central,DAN,,CREa2_medial,SMP.MB_ML.67,https://codex.flywire.ai/?dataset=fafb&root_ids=720575940618744118
720575940619785492,PAM01,Dopaminergic Reward (50-Cent Fare Subsidy Pulse),left,central,DAN,,CREa1_dorsal,SMP.2194,https://codex.flywire.ai/?dataset=fafb&root_ids=720575940619785492
720575940621245124,PAM01,Dopaminergic Reward (50-Cent Fare Subsidy Pulse),left,central,DAN,,CREa2_medial,SMP.MB_ML.66,https://codex.flywire.ai/?dataset=fafb&root_ids=720575940621245124
720575940623442173,PAM01,Dopaminergic Reward (50-Cent Fare Subsidy Pulse),left,central,DAN,,CREa2_medial,MB_ML.227,https://codex.flywire.ai/?dataset=fafb&root_ids=720575940623442173
720575940625338249,PAM01,Dopaminergic Reward (50-Cent Fare Subsidy Pulse),left,central,DAN,,CREa1_dorsal,SMP.2302,https://codex.flywire.ai/?dataset=fafb&root_ids=720575940625338249
720575940625352456,PAM01,Dopaminergic Reward (50-Cent Fare Subsidy Pulse),left,central,DAN,,CREa2_medial,NO_CONS.2134,https://codex.flywire.ai/?dataset=fafb&root_ids=720575940625352456
720575940625525265,PAM01,Dopaminergic Reward (50-Cent Fare Subsidy Pulse),left,central,DAN,,CREa2_medial,SMP.CRE.175,https://codex.flywire.ai/?dataset=fafb&root_ids=720575940625525265
720575940625683716,PAM01,Dopaminergic Reward (50-Cent Fare Subsidy Pulse),left,central,DAN,,CREa2_medial,SMP.MB_ML.54,https://codex.flywire.ai/?dataset=fafb&root_ids=720575940625683716
720575940628615683,PAM01,Dopaminergic Reward (50-Cent Fare Subsidy Pulse),left,central,DAN,,CREa1_dorsal,SMP.MB_ML.64,https://codex.flywire.ai/?dataset=fafb&root_ids=720575940628615683
720575940628687207,PAM01,Dopaminergic Reward (50-Cent Fare Subsidy Pulse),left,central,DAN,,CREa2_medial,SMP.MB_ML.48,https://codex.flywire.ai/?dataset=fafb&root_ids=720575940628687207
720575940629188507,PAM01,Dopaminergic Reward (50-Cent Fare Subsidy Pulse),left,central,DAN,,CREa1_dorsal,SMP.2127,https://codex.flywire.ai/?dataset=fafb&root_ids=720575940629188507
720575940630722956,PAM01,Dopaminergic Reward (50-Cent Fare Subsidy Pulse),left,central,DAN,,CREa1_dorsal,SMP.2234,https://codex.flywire.ai/?dataset=fafb&root_ids=720575940630722956
720575940631095087,PAM01,Dopaminergic Reward (50-Cent Fare Subsidy Pulse),left,central,DAN,,CREa1_dorsal,SMP.MB_ML.59,https://codex.flywire.ai/?dataset=fafb&root_ids=720575940631095087
720575940631688808,PAM01,Dopaminergic Reward (50-Cent Fare Subsidy Pulse),left,central,DAN,,CREa1_dorsal,SMP.MB_ML.61,https://codex.flywire.ai/?dataset=fafb&root_ids=720575940631688808
720575940633145996,PAM01,Dopaminergic Reward (50-Cent Fare Subsidy Pulse),left,central,DAN,,CREa2_medial,SMP.MB_ML.31,https://codex.flywire.ai/?dataset=fafb&root_ids=720575940633145996
720575940633733401,PAM01,Dopaminergic Reward (50-Cent Fare Subsidy Pulse),left,central,DAN,,CREa2_medial,SMP.2204,https://codex.flywire.ai/?dataset=fafb&root_ids=720575940633733401
720575940639566406,PAM01,Dopaminergic Reward (50-Cent Fare Subsidy Pulse),left,central,DAN,,CREa1_dorsal,SMP.MB_ML.69,https://codex.flywire.ai/?dataset=fafb&root_ids=720575940639566406
720575940641062901,PAM01,Dopaminergic Reward (50-Cent Fare Subsidy Pulse),left,central,DAN,,CREa2_medial,SMP.MB_ML.46,https://codex.flywire.ai/?dataset=fafb&root_ids=720575940641062901
720575940645932579,PAM01,Dopaminergic Reward (50-Cent Fare Subsidy Pulse),left,central,DAN,,CREa2_medial,SMP.2261,https://codex.flywire.ai/?dataset=fafb&root_ids=720575940645932579
720575940605221065,PAM01,Dopaminergic Reward (50-Cent Fare Subsidy Pulse),right,central,DAN,,CREa2_medial,SMP.MB_ML.70,https://codex.flywire.ai/?dataset=fafb&root_ids=720575940605221065
720575940606909826,PAM01,Dopaminergic Reward (50-Cent Fare Subsidy Pulse),right,central,DAN,,CREa2_medial,SMP.MB_ML.73,https://codex.flywire.ai/?dataset=fafb&root_ids=720575940606909826
720575940613647007,PAM01,Dopaminergic Reward (50-Cent Fare Subsidy Pulse),right,central,DAN,,CREa2_medial,SMP.CRE.174,https://codex.flywire.ai/?dataset=fafb&root_ids=720575940613647007
720575940617145561,PAM01,Dopaminergic Reward (50-Cent Fare Subsidy Pulse),right,central,DAN,,CREa2_medial,SMP.MB_ML.45,https://codex.flywire.ai/?dataset=fafb&root_ids=720575940617145561
720575940621462512,PAM01,Dopaminergic Reward (50-Cent Fare Subsidy Pulse),right,central,DAN,,CREa1_dorsal,SMP.MB_ML.44,https://codex.flywire.ai/?dataset=fafb&root_ids=720575940621462512
720575940622495092,PAM01,Dopaminergic Reward (50-Cent Fare Subsidy Pulse),right,central,DAN,,CREa1_dorsal,SMP.MB_ML.62,https://codex.flywire.ai/?dataset=fafb&root_ids=720575940622495092
720575940626555800,PAM01,Dopaminergic Reward (50-Cent Fare Subsidy Pulse),right,central,DAN,,CREa2_medial,SMP.2269,https://codex.flywire.ai/?dataset=fafb&root_ids=720575940626555800
720575940630498811,PAM01,Dopaminergic Reward (50-Cent Fare Subsidy Pulse),right,central,DAN,,CREa2_medial,MB_ML.161,https://codex.flywire.ai/?dataset=fafb&root_ids=720575940630498811
720575940630650063,PAM01,Dopaminergic Reward (50-Cent Fare Subsidy Pulse),right,central,DAN,,CREa1_dorsal,NO_CONS.2217,https://codex.flywire.ai/?dataset=fafb&root_ids=720575940630650063
720575940630691159,PAM01,Dopaminergic Reward (50-Cent Fare Subsidy Pulse),right,central,DAN,,CREa1_dorsal,SMP.2235,https://codex.flywire.ai/?dataset=fafb&root_ids=720575940630691159
720575940631443304,PAM01,Dopaminergic Reward (50-Cent Fare Subsidy Pulse),right,central,DAN,,CREa2_medial,SMP.MB_ML.42,https://codex.flywire.ai/?dataset=fafb&root_ids=720575940631443304
720575940633142498,PAM01,Dopaminergic Reward (50-Cent Fare Subsidy Pulse),right,central,DAN,,CREa2_medial,SMP.2231,https://codex.flywire.ai/?dataset=fafb&root_ids=720575940633142498
720575940633832628,PAM01,Dopaminergic Reward (50-Cent Fare Subsidy Pulse),right,central,DAN,,CREa1_dorsal,SMP.CRE.170,https://codex.flywire.ai/?dataset=fafb&root_ids=720575940633832628
720575940634655851,PAM01,Dopaminergic Reward (50-Cent Fare Subsidy Pulse),right,central,DAN,,CREa1_dorsal,SMP.MB_ML.25,https://codex.flywire.ai/?dataset=fafb&root_ids=720575940634655851
720575940636309093,PAM01,Dopaminergic Reward (50-Cent Fare Subsidy Pulse),right,central,DAN,,CREa1_dorsal,SMP.2293,https://codex.flywire.ai/?dataset=fafb&root_ids=720575940636309093
720575940637390302,PAM01,Dopaminergic Reward (50-Cent Fare Subsidy Pulse),right,central,DAN,,CREa2_medial,SMP.MB_ML.41,https://codex.flywire.ai/?dataset=fafb&root_ids=720575940637390302
720575940637391582,PAM01,Dopaminergic Reward (50-Cent Fare Subsidy Pulse),right,central,DAN,,CREa1_dorsal,SMP.MB_ML.40,https://codex.flywire.ai/?dataset=fafb&root_ids=720575940637391582
720575940639684696,PAM01,Dopaminergic Reward (50-Cent Fare Subsidy Pulse),right,central,DAN,,CREa2_medial,SMP.MB_ML.52,https://codex.flywire.ai/?dataset=fafb&root_ids=720575940639684696
720575940649649785,PAM01,Dopaminergic Reward (50-Cent Fare Subsidy Pulse),right,central,DAN,,CREa1_dorsal,SMP.MB_ML.58,https://codex.flywire.ai/?dataset=fafb&root_ids=720575940649649785
720575940654661281,PAM01,Dopaminergic Reward (50-Cent Fare Subsidy Pulse),right,central,DAN,,CREa2_medial,SMP.2202,https://codex.flywire.ai/?dataset=fafb&root_ids=720575940654661281
720575940621040737,PPL101,"Dopaminergic Penalty (Waiting Time, Rain, Missed Transfer)",left,central,DAN,,putative_primary,SMP.MB_PED.1,https://codex.flywire.ai/?dataset=fafb&root_ids=720575940621040737
720575940617691170,PPL101,"Dopaminergic Penalty (Waiting Time, Rain, Missed Transfer)",right,central,DAN,,putative_primary,SMP.MB_PED.2,https://codex.flywire.ai/?dataset=fafb&root_ids=720575940617691170
